標題,作者,日期,連結,熱門程度
Re: [新聞] 《迷因台式民主》版主貼11檢察官個資恐嚇,HongYang,7/04,https://www.ptt.cc/bbs/Gossiping/M.1751589745.A.B04.html,1
[問卦] 去銀行面試信用分數多少夠格錄取,casco5566,7/04,https://www.ptt.cc/bbs/Gossiping/M.1751589795.A.0AE.html,2
[問卦] 說血償是兩天就會抓到，那殺女兒呢？,L1ON,7/04,https://www.ptt.cc/bbs/Gossiping/M.1751589858.A.8FA.html,1
Re: [新聞] 《迷因台式民主》版主貼11檢察官個資恐嚇,ianlin1216,7/04,https://www.ptt.cc/bbs/Gossiping/M.1751589927.A.BD6.html,4
Re: [新聞] 恐嚇偵辦京華城11名檢察官工程師送辦 PO,Asce,7/04,https://www.ptt.cc/bbs/Gossiping/M.1751589958.A.C4B.html,1
[問卦] 軍人在外面吃飯不用錢 大家說好不好,htclikeshit,7/04,https://www.ptt.cc/bbs/Gossiping/M.1751589966.A.D83.html,3
[問卦] 被問戴男違反哪條法令，檢察官怎回？,zoeapezoo,7/04,https://www.ptt.cc/bbs/Gossiping/M.1751590063.A.2B6.html,
[問卦] 不對啊 我也被恐嚇啊,Oqfyian,7/04,https://www.ptt.cc/bbs/Gossiping/M.1751590121.A.B3D.html,1
Re: [問卦] 多數上班族是不是都輸給+9？,taot917,7/04,https://www.ptt.cc/bbs/Gossiping/M.1751590121.A.145.html,
[新聞] 台灣被統一還有健保？財經網美揭中國醫,asppsa,7/04,https://www.ptt.cc/bbs/Gossiping/M.1751590192.A.681.html,
Re: [新聞] 恐嚇偵辦京華城11名檢察官工程師送辦 PO,william7713,7/04,https://www.ptt.cc/bbs/Gossiping/M.1751590212.A.711.html,
[問卦] 2025 了，台灣還有滿腦子專制思想的人嗎,eunhailoveu,7/04,https://www.ptt.cc/bbs/Gossiping/M.1751590272.A.0FB.html,
[公告] 八卦板板規(2025.01.21),ubcs,1/21,https://www.ptt.cc/bbs/Gossiping/M.1737398137.A.644.html,2
[公告] 【八卦金曲獎】一曲封神，全員高能爆燈！,August2006,6/23,https://www.ptt.cc/bbs/Gossiping/M.1750650751.A.E4B.html,33
[協尋] 6/30台北市林森北路行車紀錄器,skyitmexp,7/03,https://www.ptt.cc/bbs/Gossiping/M.1751496514.A.70B.html,
